Keyword,Currency,Avg. monthly searches,Cambio en los últimos tres meses,Cambio interanual,Competition,Competition (indexed value),Top of page bid (low range),Top of page bid (high range),Ad impression share,Organic impression share,Organic average position,In account?,In plan?,Searches: Oct 2022,Searches: Nov 2022,Searches: Dec 2022,Searches: Jan 2023,Searches: Feb 2023,Searches: Mar 2023,Searches: Apr 2023,Searches: May 2023,Searches: Jun 2023,Searches: Jul 2023,Searches: Aug 2023,Searches: Sep 2023
servicios financieros,ARS,500,900%,900%,Medio,36,18.49,976.27,,,,,,,,,,,,,,,,,
sector economico,ARS,5000,0%,0%,Bajo,0,36.04,71.55,,,,,,,,,,,,,,,,,
asesores financieros,ARS,500,0%,0%,Medio,54,79.81,504.57,,,,,,,,,,,,,,,,,
administración bancaria y financiera,ARS,50,0%,0%,Medio,60,35.61,185.32,,,,,,,,,,,,,,,,,
financieras cerca de mi,ARS,50,0%,0%,Bajo,29,,,,,,,,,,,,,,,,,,,
asesores financieros para particulares,ARS,50,0%,0%,Medio,57,,,,,,,,,,,,,,,,,,,
inversiones financieras,ARS,500,0%,0%,Medio,49,68.77,269.09,,,,,,,,,,,,,,,,,
asesor financiero cerca de mi,ARS,50,∞,∞,Medio,57,,,,,,,,,,,,,,,,,,,
asesor financiero personal,ARS,50,0%,0%,Medio,59,73.41,539.04,,,,,,,,,,,,,,,,,
asesor financiero independiente,ARS,50,0%,0%,Medio,65,61.86,388.53,,,,,,,,,,,,,,,,,
analisis financiero,ARS,500,0%,0%,Medio,42,54.85,166.39,,,,,,,,,,,,,,,,,
consultoria financiera,ARS,500,0%,0%,Medio,42,58.55,392.03,,,,,,,,,,,,,,,,,
asesor financiero online,ARS,50,0%,0%,Medio,64,98.01,466.94,,,,,,,,,,,,,,,,,
entidades financieras,ARS,500,0%,0%,Bajo,28,60.15,411.37,,,,,,,,,,,,,,,,,
asesores financieros cerca de mi,ARS,50,0%,0%,Desconocido,,,,,,,,,,,,,,,,,,,,
creditos financieros,ARS,500,900%,0%,Medio,53,37.74,200.82,,,,,,,,,,,,,,,,,
asesores de inversion,ARS,50,0%,0%,Medio,63,164.58,696.98,,,,,,,,,,,,,,,,,
financieros,ARS,5000,0%,0%,Bajo,25,32.29,143.51,,,,,,,,,,,,,,,,,
inversiones en mercados financieros,ARS,50,∞,0%,Alto,71,82.10,288.21,,,,,,,,,,,,,,,,,
asesor inversiones,ARS,50,0%,0%,Alto,71,155.21,556.54,,,,,,,,,,,,,,,,,
banco financiero,ARS,500,0%,0%,Medio,43,4.67,297.92,,,,,,,,,,,,,,,,,
intermediarios financieros,ARS,500,900%,0%,Bajo,13,31.98,122.43,,,,,,,,,,,,,,,,,
financiera caixabank,ARS,0,0%,0%,Desconocido,,,,,,,,,,,,,,,,,,,,
financiera cerca de mi,ARS,50,0%,0%,Bajo,29,,,,,,,,,,,,,,,,,,,
asesoria financiera para pymes,ARS,50,0%,0%,Medio,57,,,,,,,,,,,,,,,,,,,
asesor financiero precio,ARS,50,0%,∞,Bajo,29,,,,,,,,,,,,,,,,,,,
asesor financiero inversiones,ARS,50,-100%,0%,Desconocido,,,,,,,,,,,,,,,,,,,,
reba compañia financiera,ARS,500,900%,900%,Bajo,30,72.07,318.97,,,,,,,,,,,,,,,,,
crédito financiero,ARS,500,900%,0%,Medio,53,37.74,200.82,,,,,,,,,,,,,,,,,
asesor de inversiones independiente,ARS,50,∞,∞,Medio,50,,,,,,,,,,,,,,,,,,,
came servicios financieros,ARS,50,0%,-100%,Desconocido,,,,,,,,,,,,,,,,,,,,
asesor finanzas personales,ARS,50,0%,0%,Alto,67,,,,,,,,,,,,,,,,,,,
control financiero,ARS,50,0%,0%,Bajo,19,40.26,148.34,,,,,,,,,,,,,,,,,
grupo financiero por ti,ARS,,--,--,Desconocido,,,,,,,,,,,,,,,,,,,,
asesor financiero en estados unidos,ARS,50,0%,∞,Medio,64,210.02,1883.06,,,,,,,,,,,,,,,,,
cip servicios financieros,ARS,50,0%,0%,Desconocido,,,,,,,,,,,,,,,,,,,,
servicio financiero carrefour,ARS,5000,0%,0%,Bajo,22,3.60,15.91,,,,,,,,,,,,,,,,,
maestro financiero,ARS,50,0%,∞,Bajo,29,,,,,,,,,,,,,,,,,,,
grupo financiero,ARS,50,0%,0%,Bajo,32,45.44,139.16,,,,,,,,,,,,,,,,,
asesor financiero particulares,ARS,50,0%,0%,Medio,58,73.97,913.57,,,,,,,,,,,,,,,,,
empresas de servicios financieros,ARS,50,0%,0%,Medio,43,35.00,1179.76,,,,,,,,,,,,,,,,,
gestion contable y financiera,ARS,50,0%,0%,Alto,68,63.66,220.18,,,,,,,,,,,,,,,,,
outsourcing financiero,ARS,50,∞,0%,Medio,38,,,,,,,,,,,,,,,,,,,
sociedad financiera popular,ARS,50,∞,0%,Bajo,0,,,,,,,,,,,,,,,,,,,
soluciones financieras para la mujer,ARS,50,0%,0%,Desconocido,,,,,,,,,,,,,,,,,,,,
banco de servicios financieros,ARS,5000,0%,0%,Bajo,24,3.73,28.00,,,,,,,,,,,,,,,,,
servicios contables y financieros,ARS,50,∞,∞,Alto,71,,,,,,,,,,,,,,,,,,,
asesoria contable y financiera,ARS,50,0%,0%,Medio,61,,,,,,,,,,,,,,,,,,,
mejores asesores financieros,ARS,50,0%,0%,Alto,71,,,,,,,,,,,,,,,,,,,
sap financiero,ARS,50,∞,0%,Medio,61,52.01,235.00,,,,,,,,,,,,,,,,,
contabilidad administrativa y financiera,ARS,50,0%,0%,Medio,34,53.24,113.94,,,,,,,,,,,,,,,,,
mejores asesores financieros independientes,ARS,0,0%,0%,Desconocido,,,,,,,,,,,,,,,,,,,,
azierta servicios financieros,ARS,50,0%,0%,Desconocido,,,,,,,,,,,,,,,,,,,,
servicios financieros sa,ARS,50,0%,0%,Medio,40,5.38,52.02,,,,,,,,,,,,,,,,,
gestoria financiera,ARS,50,0%,0%,Medio,50,,,,,,,,,,,,,,,,,,,
coval servicios financieros,ARS,50,∞,∞,Bajo,14,,,,,,,,,,,,,,,,,,,
fondos financieros,ARS,50,0%,0%,Medio,37,45.74,143.51,,,,,,,,,,,,,,,,,
gestion bancaria y de entidades financieras,ARS,50,-100%,-100%,Desconocido,,,,,,,,,,,,,,,,,,,,
consultoria financiera empresarial,ARS,50,∞,0%,Medio,57,,,,,,,,,,,,,,,,,,,
asesor fiscal y financiero,ARS,50,0%,0%,Desconocido,,,,,,,,,,,,,,,,,,,,
consultor financiero independiente,ARS,50,0%,0%,Medio,66,166.27,1347.61,,,,,,,,,,,,,,,,,
asesoramiento de inversiones,ARS,50,0%,0%,Medio,65,70.96,294.02,,,,,,,,,,,,,,,,,
asesor financiero santander,ARS,50,0%,0%,Medio,40,104.42,1235.60,,,,,,,,,,,,,,,,,
servicios financieros empresas,ARS,50,0%,0%,Bajo,14,,,,,,,,,,,,,,,,,,,
entidades financieras no bancarias,ARS,50,0%,0%,Medio,35,26.63,259.48,,,,,,,,,,,,,,,,,
banco servicios financieros,ARS,500,0%,0%,Bajo,29,3.82,33.29,,,,,,,,,,,,,,,,,
financiera tu ayuda,ARS,,--,--,Desconocido,,,,,,,,,,,,,,,,,,,,
oportunidad financiera,ARS,50,0%,0%,Medio,39,,,,,,,,,,,,,,,,,,,
los mercados financieros,ARS,50,0%,0%,Bajo,21,,,,,,,,,,,,,,,,,,,
prosesa financiera,ARS,50,0%,0%,Desconocido,,,,,,,,,,,,,,,,,,,,
control financiero personal,ARS,50,0%,0%,Medio,43,,,,,,,,,,,,,,,,,,,
financiera credi,ARS,50,0%,0%,Medio,66,29.72,171.49,,,,,,,,,,,,,,,,,
financiera solidar,ARS,50,0%,0%,Desconocido,,,,,,,,,,,,,,,,,,,,
los mejores asesores financieros,ARS,50,0%,-100%,Desconocido,,,,,,,,,,,,,,,,,,,,
pastor servicios financieros,ARS,50,0%,0%,Desconocido,,,,,,,,,,,,,,,,,,,,
gestion financiera de proyectos,ARS,50,-100%,-100%,Desconocido,,,,,,,,,,,,,,,,,,,,
interes financiero american express,ARS,50,0%,0%,Desconocido,,,,,,,,,,,,,,,,,,,,
asesor bursatil,ARS,50,0%,0%,Medio,61,179.49,905.87,,,,,,,,,,,,,,,,,
10 instituciones financieras,ARS,0,0%,0%,Desconocido,,,,,,,,,,,,,,,,,,,,
5 instituciones financieras,ARS,50,0%,0%,Bajo,11,,,,,,,,,,,,,,,,,,,
abcserviciosfinancieros,ARS,0,0%,0%,Desconocido,,,,,,,,,,,,,,,,,,,,
abcvisa financiero,ARS,,--,--,Desconocido,,,,,,,,,,,,,,,,,,,,
abcvisa servicios financieros,ARS,50,0%,0%,Desconocido,,,,,,,,,,,,,,,,,,,,
acceso financiero,ARS,500,-90%,∞,Bajo,16,66.57,303.68,,,,,,,,,,,,,,,,,
adelante soluciones financiera,ARS,50,0%,-100%,Desconocido,,,,,,,,,,,,,,,,,,,,
adelante soluciones financieras contactos,ARS,,--,--,Desconocido,,,,,,,,,,,,,,,,,,,,
adelante soluciones financieras que es,ARS,,--,--,Desconocido,,,,,,,,,,,,,,,,,,,,
administracion financiero,ARS,50,0%,0%,Medio,41,56.33,180.76,,,,,,,,,,,,,,,,,
administración bancaria y financiera que es,ARS,50,0%,0%,Desconocido,,,,,,,,,,,,,,,,,,,,
administrativo financiero,ARS,50,0%,0%,Medio,36,24.02,75.72,,,,,,,,,,,,,,,,,
afi analistas financieros,ARS,50,∞,∞,Bajo,0,,,,,,,,,,,,,,,,,,,
afix servicios financieros,ARS,50,-100%,0%,Desconocido,,,,,,,,,,,,,,,,,,,,
ahorros financieros,ARS,50,0%,0%,Medio,37,43.26,113.41,,,,,,,,,,,,,,,,,
aliados financieros,ARS,50,0%,0%,Medio,57,,,,,,,,,,,,,,,,,,,
ambito com financiero,ARS,50,0%,0%,Bajo,6,,,,,,,,,,,,,,,,,,,
ambito financiero mercados,ARS,500,0%,0%,Bajo,6,35.00,77.01,,,,,,,,,,,,,,,,,
analisis financiero de un banco,ARS,50,0%,-100%,Desconocido,,,,,,,,,,,,,,,,,,,,
análisis financiero que es,ARS,50,0%,0%,Bajo,16,12.10,97.60,,,,,,,,,,,,,,,,,
análisis financiero y de gestión,ARS,50,-100%,-100%,Desconocido,,,,,,,,,,,,,,,,,,,,
apple estados financieros,ARS,50,∞,∞,Bajo,14,,,,,,,,,,,,,,,,,,,
asesor de servicios bancarios,ARS,50,0%,0%,Desconocido,,,,,,,,,,,,,,,,,,,,
asesor de servicios financieros,ARS,50,0%,-100%,Desconocido,,,,,,,,,,,,,,,,,,,,
asesoramiento financiero que es,ARS,50,0%,0%,Bajo,27,45.50,239.36,,,,,,,,,,,,,,,,,
asesores juridicos y financieros,ARS,50,∞,∞,Medio,57,,,,,,,,,,,,,,,,,,,
asesores y gestores financieros sa,ARS,,--,--,Desconocido,,,,,,,,,,,,,,,,,,,,
asesoria financiera que es,ARS,50,0%,-100%,Desconocido,,,,,,,,,,,,,,,,,,,,
auxiliar bancario administrativo y financiero,ARS,50,0%,0%,Medio,58,40.43,121.58,,,,,,,,,,,,,,,,,
auxiliar financiero,ARS,50,0%,0%,Medio,46,,,,,,,,,,,,,,,,,,,
bancaria y financiera,ARS,50,0%,0%,Bajo,14,,,,,,,,,,,,,,,,,,,
banco de servicios financieros carrefour,ARS,500,0%,0%,Bajo,22,3.64,31.64,,,,,,,,,,,,,,,,,
banco de servicios financieros carrefour telefono,ARS,50,0%,0%,Bajo,14,,,,,,,,,,,,,,,,,,,
banco de servicios financieros telefono,ARS,50,0%,-90%,Bajo,26,3.98,24.50,,,,,,,,,,,,,,,,,
banco de venezuela servicios financieros,ARS,0,0%,0%,Desconocido,,,,,,,,,,,,,,,,,,,,
banco financiero argentino,ARS,50,0%,0%,Medio,38,4.38,214.78,,,,,,,,,,,,,,,,,
banco financiero carrefour,ARS,500,0%,0%,Bajo,23,3.66,46.65,,,,,,,,,,,,,,,,,
banco financiero de carrefour,ARS,50,0%,0%,Medio,40,3.48,37.42,,,,,,,,,,,,,,,,,
banco financiero y de ahorros,ARS,50,0%,0%,Desconocido,,,,,,,,,,,,,,,,,,,,
banco general estados financieros,ARS,50,-100%,0%,Desconocido,,,,,,,,,,,,,,,,,,,,
banco servicios financieros carrefour,ARS,50,0%,0%,Bajo,22,3.67,46.79,,,,,,,,,,,,,,,,,
bancodeserviciosfinancieros com ar carrefour,ARS,500,0%,0%,Bajo,31,3.91,89.63,,,,,,,,,,,,,,,,,
bansefi servicios,ARS,0,0%,0%,Desconocido,,,,,,,,,,,,,,,,,,,,
bcra entidades financieras,ARS,500,0%,0%,Bajo,6,33.60,7000.55,,,,,,,,,,,,,,,,,
campo de tejada servicios financieros,ARS,0,0%,0%,Desconocido,,,,,,,,,,,,,,,,,,,,
campo financiero,ARS,50,0%,0%,Bajo,14,,,,,,,,,,,,,,,,,,,
campus financiero,ARS,50,0%,∞,Medio,43,,,,,,,,,,,,,,,,,,,
carrefour banco de servicios financieros,ARS,50,0%,0%,Bajo,24,3.50,9.39,,,,,,,,,,,,,,,,,
carrefour banco financiero,ARS,50,0%,0%,Bajo,23,3.61,56.90,,,,,,,,,,,,,,,,,
cencosud estados financieros,ARS,50,∞,0%,Bajo,0,,,,,,,,,,,,,,,,,,,
cencosud financiero,ARS,50,0%,0%,Bajo,25,37.20,214.31,,,,,,,,,,,,,,,,,
cencosud servicios financieros,ARS,50,0%,0%,Bajo,16,,,,,,,,,,,,,,,,,,,
citibanamex estados financieros,ARS,50,-100%,-100%,Desconocido,,,,,,,,,,,,,,,,,,,,
clientes financieros,ARS,50,0%,0%,Medio,36,,,,,,,,,,,,,,,,,,,
cm soluciones financieras,ARS,50,∞,∞,Bajo,31,,,,,,,,,,,,,,,,,,,
cmf estados financieros,ARS,50,-100%,-100%,Desconocido,,,,,,,,,,,,,,,,,,,,
comercio y economía,ARS,50,-100%,0%,Desconocido,,,,,,,,,,,,,,,,,,,,
compañia de servicios financieros,ARS,50,0%,0%,Bajo,0,,,,,,,,,,,,,,,,,,,
compañia financiera argentina la rioja,ARS,50,0%,0%,Bajo,14,72.34,145.30,,,,,,,,,,,,,,,,,
consede servicios financieros,ARS,0,0%,0%,Desconocido,,,,,,,,,,,,,,,,,,,,
consorcio financiero,ARS,50,0%,0%,Bajo,7,,,,,,,,,,,,,,,,,,,
consorcio financiero sa,ARS,50,0%,0%,Bajo,14,,,,,,,,,,,,,,,,,,,
consultor financiero ovb,ARS,50,-100%,0%,Desconocido,,,,,,,,,,,,,,,,,,,,
consultoria administrativa y financiera,ARS,50,∞,0%,Alto,67,83.63,329.03,,,,,,,,,,,,,,,,,
consultoria financiera que es,ARS,50,0%,0%,Medio,36,,,,,,,,,,,,,,,,,,,
consultoria sector cuaternario,ARS,50,-100%,0%,Desconocido,,,,,,,,,,,,,,,,,,,,
contabilidad de instituciones financieras,ARS,50,∞,∞,Bajo,0,,,,,,,,,,,,,,,,,,,
contabilidad financiera externa,ARS,50,∞,∞,Medio,43,,,,,,,,,,,,,,,,,,,
contabilidad financiera y tributaria,ARS,50,∞,∞,Bajo,14,,,,,,,,,,,,,,,,,,,
contabilidad financieras,ARS,50,0%,0%,Bajo,32,29.78,80.48,,,,,,,,,,,,,,,,,
contable financiero,ARS,50,0%,0%,Bajo,32,29.78,80.48,,,,,,,,,,,,,,,,,
contadores tributarios y financieros,ARS,50,0%,0%,Desconocido,,,,,,,,,,,,,,,,,,,,
contempora servicios financieros,ARS,50,0%,0%,Desconocido,,,,,,,,,,,,,,,,,,,,
control de gestion financiera,ARS,50,0%,0%,Medio,38,67.75,824.42,,,,,,,,,,,,,,,,,
control financiero que es,ARS,50,∞,0%,Bajo,0,,,,,,,,,,,,,,,,,,,
cordial financiera 0810,ARS,50,∞,-90%,Bajo,0,,,,,,,,,,,,,,,,,,,
coste financiero,ARS,500,0%,0%,Bajo,2,20.64,75.63,,,,,,,,,,,,,,,,,
costos de financieros,ARS,50,∞,0%,Bajo,0,,,,,,,,,,,,,,,,,,,
cyc consejería en servicios financieros,ARS,50,-100%,0%,Desconocido,,,,,,,,,,,,,,,,,,,,
defensoria cliente financiero,ARS,50,0%,0%,Desconocido,,,,,,,,,,,,,,,,,,,,
defensoria financiera,ARS,50,-100%,-100%,Desconocido,,,,,,,,,,,,,,,,,,,,
descuentos financieros,ARS,50,0%,0%,Bajo,3,,,,,,,,,,,,,,,,,,,
economia agricultura,ARS,50,0%,0%,Bajo,14,,,,,,,,,,,,,,,,,,,
economia agroexportadora,ARS,500,0%,0%,Bajo,1,3.50,40.79,,,,,,,,,,,,,,,,,
economia agropecuaria pdf,ARS,50,0%,0%,Bajo,1,,,,,,,,,,,,,,,,,,,
economia de agricultura,ARS,50,0%,0%,Medio,36,,,,,,,,,,,,,,,,,,,
economia de la agricultura,ARS,50,0%,0%,Bajo,12,,,,,,,,,,,,,,,,,,,
economia en la agricultura,ARS,50,0%,0%,Bajo,0,,,,,,,,,,,,,,,,,,,
economia formal e informal,ARS,50,0%,0%,Bajo,0,,,,,,,,,,,,,,,,,,,
economia informal,ARS,500,0%,0%,Bajo,2,60.73,700.05,,,,,,,,,,,,,,,,,
economia primaria secundaria y terciaria,ARS,50,0%,0%,Bajo,0,,,,,,,,,,,,,,,,,,,
economia sector terciario,ARS,500,900%,0%,Bajo,0,,,,,,,,,,,,,,,,,,,
economia terciaria,ARS,50,0%,0%,Bajo,10,9.36,41.74,,,,,,,,,,,,,,,,,
economía agraria ejemplos,ARS,50,∞,0%,Bajo,0,,,,,,,,,,,,,,,,,,,
economía agrícola pdf,ARS,50,0%,0%,Bajo,10,,,,,,,,,,,,,,,,,,,
economía del sector público stiglitz 4ta edición pdf gratis,ARS,50,0%,0%,Bajo,19,,,,,,,,,,,,,,,,,,,
economía informal,ARS,500,0%,0%,Bajo,2,60.73,700.05,,,,,,,,,,,,,,,,,
economía informal ejemplos,ARS,50,0%,0%,Bajo,0,,,,,,,,,,,,,,,,,,,
eficiente sas compañia financiera,ARS,,--,--,Desconocido,,,,,,,,,,,,,,,,,,,,
el control financiero,ARS,50,0%,0%,Desconocido,,,,,,,,,,,,,,,,,,,,
el financiero creditos,ARS,50,0%,0%,Desconocido,,,,,,,,,,,,,,,,,,,,
el financiero diario,ARS,50,∞,0%,Medio,43,,,,,,,,,,,,,,,,,,,
el pais financiero,ARS,50,-100%,0%,Desconocido,,,,,,,,,,,,,,,,,,,,
elektra estados financieros,ARS,,--,--,Desconocido,,,,,,,,,,,,,,,,,,,,
emisores financieros,ARS,50,∞,∞,Bajo,19,,,,,,,,,,,,,,,,,,,
enlace servicios financieros,ARS,50,0%,0%,Desconocido,,,,,,,,,,,,,,,,,,,,
entidades bancarias y financieras,ARS,50,0%,0%,Bajo,27,,,,,,,,,,,,,,,,,,,
entidades de servicios financieros,ARS,50,∞,0%,Medio,57,,,,,,,,,,,,,,,,,,,
entidades financieras bcra,ARS,500,0%,0%,Bajo,8,30.47,7000.55,,,,,,,,,,,,,,,,,
entidades financieras en república dominicana,ARS,0,0%,0%,Desconocido,,,,,,,,,,,,,,,,,,,,
entidades financieras fovissste 2022,ARS,,--,--,Desconocido,,,,,,,,,,,,,,,,,,,,
entidades financieras que es,ARS,50,0%,0%,Bajo,11,,,,,,,,,,,,,,,,,,,
entidades financieras que son,ARS,50,0%,0%,Bajo,2,,,,,,,,,,,,,,,,,,,
entidades financieras república dominicana,ARS,50,∞,∞,Medio,36,,,,,,,,,,,,,,,,,,,
entidades no financieras,ARS,50,0%,0%,Bajo,6,17.50,396.07,,,,,,,,,,,,,,,,,
espacios financieros cencosud,ARS,50,0%,-100%,Desconocido,,,,,,,,,,,,,,,,,,,,
establecimiento de crédito,ARS,50,0%,-100%,Desconocido,,,,,,,,,,,,,,,,,,,,
establecimiento financiero,ARS,50,0%,0%,Bajo,0,,,,,,,,,,,,,,,,,,,
establecimiento financiero de crédito,ARS,50,-100%,-100%,Desconocido,,,,,,,,,,,,,,,,,,,,
estados financieros 2019,ARS,50,0%,0%,Desconocido,,,,,,,,,,,,,,,,,,,,
estados financieros apple,ARS,50,0%,0%,Bajo,14,,,,,,,,,,,,,,,,,,,
estados financieros banco falabella,ARS,0,0%,0%,Desconocido,,,,,,,,,,,,,,,,,,,,
estados financieros cencosud,ARS,50,∞,0%,Bajo,0,,,,,,,,,,,,,,,,,,,
estados financieros cmf,ARS,50,0%,-100%,Desconocido,,,,,,,,,,,,,,,,,,,,
estados financieros comerciales,ARS,50,-100%,0%,Desconocido,,,,,,,,,,,,,,,,,,,,
estados financieros complementarios,ARS,50,∞,∞,Bajo,0,,,,,,,,,,,,,,,,,,,
estados financieros de apple,ARS,50,0%,0%,Bajo,7,,,,,,,,,,,,,,,,,,,
estados financieros de coppel,ARS,0,0%,0%,Desconocido,,,,,,,,,,,,,,,,,,,,
estados financieros de elektra,ARS,0,0%,0%,Desconocido,,,,,,,,,,,,,,,,,,,,
estados financieros de google,ARS,50,0%,0%,Bajo,7,,,,,,,,,,,,,,,,,,,
estados financieros de toyota,ARS,50,∞,0%,Bajo,0,,,,,,,,,,,,,,,,,,,
estados financieros de un banco,ARS,50,-100%,-100%,Desconocido,,,,,,,,,,,,,,,,,,,,
estados financieros de una empresa de servicios,ARS,50,∞,0%,Bajo,10,,,,,,,,,,,,,,,,,,,
estados financieros de walmart,ARS,50,∞,0%,Bajo,0,,,,,,,,,,,,,,,,,,,
estados financieros de walmart 2022,ARS,50,-100%,-100%,Desconocido,,,,,,,,,,,,,,,,,,,,
estados financieros falabella,ARS,50,∞,∞,Bajo,0,,,,,,,,,,,,,,,,,,,
estados financieros integrales,ARS,50,0%,∞,Bajo,7,,,,,,,,,,,,,,,,,,,
estados financieros mensuales,ARS,50,∞,∞,Bajo,7,,,,,,,,,,,,,,,,,,,
estados financieros rappi,ARS,50,0%,-100%,Desconocido,,,,,,,,,,,,,,,,,,,,
estados financieros santander,ARS,50,0%,0%,Bajo,0,,,,,,,,,,,,,,,,,,,
estados financieros sunat,ARS,50,0%,0%,Desconocido,,,,,,,,,,,,,,,,,,,,
estados financieros toyota,ARS,50,0%,-100%,Desconocido,,,,,,,,,,,,,,,,,,,,
estados financieros walmart,ARS,50,∞,0%,Bajo,0,,,,,,,,,,,,,,,,,,,
falabella estados financieros,ARS,50,∞,∞,Bajo,0,,,,,,,,,,,,,,,,,,,
falabella inversiones financieras,ARS,50,∞,∞,Bajo,29,,,,,,,,,,,,,,,,,,,
falabella inversiones financieras sa,ARS,50,0%,0%,Desconocido,,,,,,,,,,,,,,,,,,,,
falabella servicios financieros,ARS,50,-100%,-100%,Desconocido,,,,,,,,,,,,,,,,,,,,
fin brock servicios financieros,ARS,,--,--,Desconocido,,,,,,,,,,,,,,,,,,,,
financiamiento financiero,ARS,50,-100%,0%,Desconocido,,,,,,,,,,,,,,,,,,,,
financiera al fin,ARS,50,-100%,0%,Desconocido,,,,,,,,,,,,,,,,,,,,
financiera bancaria,ARS,50,0%,-100%,Desconocido,,,,,,,,,,,,,,,,,,,,
financiera bancomer,ARS,0,0%,0%,Desconocido,,,,,,,,,,,,,,,,,,,,
financiera compartir sa,ARS,0,0%,0%,Desconocido,,,,,,,,,,,,,,,,,,,,
financiera contactar,ARS,50,0%,-100%,Desconocido,,,,,,,,,,,,,,,,,,,,
financiera de caixabank,ARS,0,0%,0%,Desconocido,,,,,,,,,,,,,,,,,,,,
financiera el comercio préstamos,ARS,50,0%,∞,Alto,71,,,,,,,,,,,,,,,,,,,
financiera el comercio sucursales,ARS,50,0%,0%,Bajo,0,,,,,,,,,,,,,,,,,,,
financiera el comercio telefono,ARS,50,0%,-100%,Desconocido,,,,,,,,,,,,,,,,,,,,
financiera el comercio web,ARS,50,0%,0%,Desconocido,,,,,,,,,,,,,,,,,,,,
financiera el comercio whatsapp,ARS,50,0%,-100%,Desconocido,,,,,,,,,,,,,,,,,,,,
financiera express sas,ARS,0,0%,-100%,Desconocido,,,,,,,,,,,,,,,,,,,,
financiera finsol sucursales,ARS,50,0%,-100%,Desconocido,,,,,,,,,,,,,,,,,,,,
financiera gran ayuda,ARS,,--,--,Desconocido,,,,,,,,,,,,,,,,,,,,
financiera grupo monge,ARS,50,0%,0%,Desconocido,,,,,,,,,,,,,,,,,,,,
financiera integral,ARS,50,0%,-100%,Desconocido,,,,,,,,,,,,,,,,,,,,
financiera máximo telefono,ARS,0,0%,0%,Desconocido,,,,,,,,,,,,,,,,,,,,
financiera nova,ARS,50,∞,∞,Bajo,29,,,,,,,,,,,,,,,,,,,
financiera sa,ARS,50,0%,0%,Bajo,11,,,,,,,,,,,,,,,,,,,
financiera sas,ARS,50,-100%,0%,Desconocido,,,,,,,,,,,,,,,,,,,,
financiera soluciones,ARS,50,0%,0%,Alto,71,,,,,,,,,,,,,,,,,,,
financiera sura,ARS,50,0%,-100%,Desconocido,,,,,,,,,,,,,,,,,,,,
financieras colombianas,ARS,50,0%,0%,Medio,64,41.44,265.49,,,,,,,,,,,,,,,,,
financieras en republica dominicana,ARS,50,0%,0%,Desconocido,,,,,,,,,,,,,,,,,,,,
financieras en san martin texmelucan,ARS,50,∞,∞,Medio,64,,,,,,,,,,,,,,,,,,,
financieras en santa ana,ARS,50,-100%,0%,Desconocido,,,,,,,,,,,,,,,,,,,,
financieras no bancarias,ARS,50,-100%,-100%,Desconocido,,,,,,,,,,,,,,,,,,,,
financiero banco,ARS,500,0%,0%,Medio,43,4.67,297.92,,,,,,,,,,,,,,,,,
financiero en contabilidad,ARS,50,∞,∞,Medio,36,,,,,,,,,,,,,,,,,,,
financieros que es,ARS,500,0%,0%,Bajo,5,13.02,82.39,,,,,,,,,,,,,,,,,
fortuna servicios financieros,ARS,0,0%,0%,Desconocido,,,,,,,,,,,,,,,,,,,,
fortuna servicios financieros premium,ARS,50,-100%,0%,Desconocido,,,,,,,,,,,,,,,,,,,,
gestion de estados financieros,ARS,0,0%,0%,Desconocido,,,,,,,,,,,,,,,,,,,,
gestion financiera personal,ARS,50,-100%,-100%,Desconocido,,,,,,,,,,,,,,,,,,,,
gestion financiera que es,ARS,500,0%,0%,Bajo,24,43.83,238.02,,,,,,,,,,,,,,,,,
gestion financiero,ARS,50,0%,0%,Medio,43,92.05,267.07,,,,,,,,,,,,,,,,,
gestión contable y financiera que es,ARS,50,-100%,-100%,Desconocido,,,,,,,,,,,,,,,,,,,,
gestión de activos financieros,ARS,50,0%,0%,Alto,75,84.37,1865.66,,,,,,,,,,,,,,,,,
global soluciones financieras rut,ARS,50,-100%,0%,Desconocido,,,,,,,,,,,,,,,,,,,,
grupo financiero bancomer,ARS,0,0%,0%,Desconocido,,,,,,,,,,,,,,,,,,,,
grupo financiero gst,ARS,50,0%,-90%,Bajo,3,,,,,,,,,,,,,,,,,,,
grupo financiero popular,ARS,0,0%,0%,Desconocido,,,,,,,,,,,,,,,,,,,,
grupo financiero principal,ARS,50,0%,0%,Desconocido,,,,,,,,,,,,,,,,,,,,
grupo financiero que es,ARS,50,∞,0%,Bajo,0,,,,,,,,,,,,,,,,,,,
grupo financiero sas,ARS,50,0%,-100%,Desconocido,,,,,,,,,,,,,,,,,,,,
grupo financiero sofom,ARS,,--,--,Desconocido,,,,,,,,,,,,,,,,,,,,
id financiera,ARS,50,0%,-100%,Desconocido,,,,,,,,,,,,,,,,,,,,
instituciones de servicios financieros,ARS,0,0%,0%,Desconocido,,,,,,,,,,,,,,,,,,,,
instituciones financiera,ARS,500,0%,0%,Bajo,14,32.84,163.89,,,,,,,,,,,,,,,,,
instituciones financieras bancarias y no bancarias,ARS,50,0%,∞,Bajo,14,,,,,,,,,,,,,,,,,,,
instituciones financieras de inversión y financiamiento,ARS,50,0%,0%,Desconocido,,,,,,,,,,,,,,,,,,,,
instituciones no financieras,ARS,50,0%,0%,Desconocido,,,,,,,,,,,,,,,,,,,,
intermediarios bancarios y no bancarios,ARS,50,0%,0%,Bajo,0,,,,,,,,,,,,,,,,,,,
intermediarios financieros bancarios,ARS,50,0%,0%,Bajo,11,,,,,,,,,,,,,,,,,,,
intermediarios financieros bancarios y no bancarios,ARS,50,0%,0%,Bajo,11,,,,,,,,,,,,,,,,,,,
inversiones financieras que cuenta es,ARS,50,0%,0%,Desconocido,,,,,,,,,,,,,,,,,,,,
inversiones no financieras,ARS,50,0%,0%,Medio,43,,,,,,,,,,,,,,,,,,,
la economia agricola,ARS,50,∞,0%,Bajo,0,,,,,,,,,,,,,,,,,,,
la economia agroexportadora,ARS,500,900%,0%,Bajo,1,3.50,4.70,,,,,,,,,,,,,,,,,
la economia primaria,ARS,50,0%,-100%,Desconocido,,,,,,,,,,,,,,,,,,,,
la economía agropecuaria,ARS,50,0%,0%,Bajo,7,,,,,,,,,,,,,,,,,,,
la economía informal,ARS,50,0%,0%,Bajo,2,,,,,,,,,,,,,,,,,,,
las entidades financieras,ARS,50,0%,0%,Bajo,20,59.82,239.36,,,,,,,,,,,,,,,,,
las instituciones financieras,ARS,50,0%,0%,Bajo,0,,,,,,,,,,,,,,,,,,,
latam estados financieros,ARS,50,0%,0%,Bajo,14,,,,,,,,,,,,,,,,,,,
liderbciserviciosfinancieros,ARS,0,0%,0%,Desconocido,,,,,,,,,,,,,,,,,,,,
liderserviciosfinancieros,ARS,50,0%,0%,Desconocido,,,,,,,,,,,,,,,,,,,,
los financieros,ARS,50,0%,0%,Bajo,7,,,,,,,,,,,,,,,,,,,
los intermediarios financieros,ARS,50,0%,0%,Bajo,0,,,,,,,,,,,,,,,,,,,
los sectores de la economía,ARS,50,0%,0%,Bajo,2,,,,,,,,,,,,,,,,,,,
los sectores economicos,ARS,50,0%,0%,Bajo,0,,,,,,,,,,,,,,,,,,,
los servicios financieros,ARS,50,0%,0%,Bajo,11,,,,,,,,,,,,,,,,,,,
los servicios financieros son,ARS,50,∞,∞,Medio,43,,,,,,,,,,,,,,,,,,,
líderbci,ARS,50,0%,0%,Bajo,21,,,,,,,,,,,,,,,,,,,
maximiliano leguizamo asesor financiero,ARS,50,0%,0%,Bajo,17,,,,,,,,,,,,,,,,,,,
mercados e intermediarios financieros,ARS,50,0%,0%,Bajo,14,,,,,,,,,,,,,,,,,,,
mercados financieros que son,ARS,50,∞,0%,Bajo,14,,,,,,,,,,,,,,,,,,,
momento financiero,ARS,50,0%,∞,Medio,57,,,,,,,,,,,,,,,,,,,
organización financiera personal,ARS,50,0%,0%,Medio,57,32.69,85.09,,,,,,,,,,,,,,,,,
oxxo servicios financieros,ARS,50,0%,0%,Bajo,0,,,,,,,,,,,,,,,,,,,
pago fácil financiera carrefour,ARS,50,-100%,0%,Desconocido,,,,,,,,,,,,,,,,,,,,
planificadores financieros,ARS,50,0%,0%,Medio,39,46.28,161.55,,,,,,,,,,,,,,,,,
por ti creditos servicios financieros,ARS,,--,--,Desconocido,,,,,,,,,,,,,,,,,,,,
presente financiero,ARS,50,∞,∞,Bajo,0,,,,,,,,,,,,,,,,,,,
presupuesto financiero personal,ARS,50,-100%,0%,Desconocido,,,,,,,,,,,,,,,,,,,,
presupuesto financieros,ARS,500,0%,0%,Bajo,12,33.54,115.51,,,,,,,,,,,,,,,,,
proyectos financieros,ARS,50,0%,0%,Bajo,33,62.51,1658.02,,,,,,,,,,,,,,,,,
rappi estados financieros,ARS,50,-100%,-100%,Desconocido,,,,,,,,,,,,,,,,,,,,
reaseguro financiero,ARS,50,0%,-100%,Desconocido,,,,,,,,,,,,,,,,,,,,
santander estados financieros,ARS,50,0%,∞,Bajo,7,,,,,,,,,,,,,,,,,,,
sbs estados financieros,ARS,50,∞,0%,Bajo,14,,,,,,,,,,,,,,,,,,,
sector agropecuario economia,ARS,50,-100%,-100%,Desconocido,,,,,,,,,,,,,,,,,,,,
sector cuaternario,ARS,500,0%,0%,Bajo,0,,,,,,,,,,,,,,,,,,,
sector economico agropecuario,ARS,50,-100%,-100%,Desconocido,,,,,,,,,,,,,,,,,,,,
sector economico construccion,ARS,50,∞,0%,Bajo,4,,,,,,,,,,,,,,,,,,,
sector economico de claro,ARS,50,0%,0%,Desconocido,,,,,,,,,,,,,,,,,,,,
sector economico de una empresa,ARS,50,0%,0%,Bajo,1,,,,,,,,,,,,,,,,,,,
sector economico de una empresa de construccion,ARS,50,0%,0%,Desconocido,,,,,,,,,,,,,,,,,,,,
sector económico,ARS,5000,0%,0%,Bajo,0,36.04,71.55,,,,,,,,,,,,,,,,,
sector externo comercio internacional y balanza de pagos,ARS,50,0%,0%,Desconocido,,,,,,,,,,,,,,,,,,,,
sector primario de la economia,ARS,500,0%,0%,Bajo,0,,,,,,,,,,,,,,,,,,,
sector primario secundario y terciario,ARS,500,0%,0%,Bajo,0,,,,,,,,,,,,,,,,,,,
sector público economía,ARS,50,0%,-90%,Bajo,1,,,,,,,,,,,,,,,,,,,
sector terciario de la ganadería,ARS,50,0%,0%,Bajo,0,,,,,,,,,,,,,,,,,,,
sector terciario ejemplos,ARS,500,0%,0%,Bajo,0,,,,,,,,,,,,,,,,,,,
sector terciario servicios financieros,ARS,50,0%,0%,Bajo,11,,,,,,,,,,,,,,,,,,,
sectores de la economia mundial,ARS,50,∞,0%,Bajo,14,,,,,,,,,,,,,,,,,,,
sectores de la economia social,ARS,50,0%,0%,Bajo,0,,,,,,,,,,,,,,,,,,,
sectores economicos mundiales,ARS,50,-100%,0%,Desconocido,,,,,,,,,,,,,,,,,,,,
sectores económicos ejemplos,ARS,500,900%,0%,Bajo,0,,,,,,,,,,,,,,,,,,,
sectores empresariales,ARS,50,0%,0%,Bajo,3,30.90,102.93,,,,,,,,,,,,,,,,,
sefi financiera,ARS,50,0%,0%,Desconocido,,,,,,,,,,,,,,,,,,,,
servicio financiero cencosud,ARS,50,0%,0%,Bajo,32,20.89,72.26,,,,,,,,,,,,,,,,,
servicio financiero que es,ARS,50,0%,0%,Bajo,14,22.66,752.79,,,,,,,,,,,,,,,,,
servicio financiero walmart,ARS,50,0%,-90%,Bajo,9,15.73,108.14,,,,,,,,,,,,,,,,,
servicios bancarios para pymes,ARS,50,0%,0%,Desconocido,,,,,,,,,,,,,,,,,,,,
servicios bancarios y financieros,ARS,50,0%,0%,Medio,36,,,,,,,,,,,,,,,,,,,
servicios de asesoría financiera,ARS,50,0%,-100%,Desconocido,,,,,,,,,,,,,,,,,,,,
servicios de consultoria financiera,ARS,50,0%,0%,Medio,57,,,,,,,,,,,,,,,,,,,
servicios de organización financiera,ARS,50,∞,∞,Bajo,0,,,,,,,,,,,,,,,,,,,
servicios financieros abcvisa,ARS,0,0%,0%,Desconocido,,,,,,,,,,,,,,,,,,,,
servicios financieros banco de venezuela,ARS,0,0%,0%,Desconocido,,,,,,,,,,,,,,,,,,,,
servicios financieros came,ARS,,--,--,Desconocido,,,,,,,,,,,,,,,,,,,,
servicios financieros carrefour 0800,ARS,500,0%,0%,Bajo,13,3.55,4.82,,,,,,,,,,,,,,,,,
servicios financieros falabella,ARS,50,0%,-100%,Desconocido,,,,,,,,,,,,,,,,,,,,
servicios financieros globales,ARS,50,∞,∞,Bajo,0,,,,,,,,,,,,,,,,,,,
servicios financieros oportunidades,ARS,0,0%,0%,Desconocido,,,,,,,,,,,,,,,,,,,,
servicios financieros que son,ARS,50,0%,0%,Bajo,0,,,,,,,,,,,,,,,,,,,
servicios financieros santander consumer,ARS,50,0%,0%,Desconocido,,,,,,,,,,,,,,,,,,,,
servicios financieros sector terciario,ARS,50,0%,0%,Desconocido,,,,,,,,,,,,,,,,,,,,
servicios financieros soriana,ARS,50,∞,∞,Bajo,7,,,,,,,,,,,,,,,,,,,
servicios financieros total edpyme,ARS,50,0%,0%,Desconocido,,,,,,,,,,,,,,,,,,,,
servicios finanzas,ARS,50,0%,0%,Desconocido,,,,,,,,,,,,,,,,,,,,
servicios no financieros,ARS,50,0%,∞,Bajo,0,,,,,,,,,,,,,,,,,,,
servicios que brindan las instituciones financieras,ARS,0,0%,0%,Desconocido,,,,,,,,,,,,,,,,,,,,
smart+ transformacion financiera,ARS,50,0%,0%,Desconocido,,,,,,,,,,,,,,,,,,,,
sobreendeudamiento financiero,ARS,50,0%,-100%,Desconocido,,,,,,,,,,,,,,,,,,,,
sociedad de servicios financieros,ARS,50,∞,∞,Bajo,10,,,,,,,,,,,,,,,,,,,
sociedad financiera popular sofipo,ARS,50,∞,∞,Bajo,7,,,,,,,,,,,,,,,,,,,
solucion financiera puerto rico,ARS,50,0%,0%,Desconocido,,,,,,,,,,,,,,,,,,,,
soluciones financieras integrales,ARS,50,∞,0%,Medio,43,,,,,,,,,,,,,,,,,,,
soluciones financieras online,ARS,50,0%,0%,Medio,57,,,,,,,,,,,,,,,,,,,
soluciones financieras sas,ARS,50,0%,0%,Desconocido,,,,,,,,,,,,,,,,,,,,
sr servicios financieros,ARS,0,0%,0%,Desconocido,,,,,,,,,,,,,,,,,,,,
telefono de acceso financiero,ARS,50,0%,0%,Desconocido,,,,,,,,,,,,,,,,,,,,
telefono iudu compañia financiera,ARS,50,0%,0%,Bajo,0,,,,,,,,,,,,,,,,,,,
tipos de economía del conocimiento,ARS,50,-100%,-100%,Desconocido,,,,,,,,,,,,,,,,,,,,
tipos de industria según el sector económico,ARS,50,0%,0%,Bajo,0,,,,,,,,,,,,,,,,,,,
tores económicos,ARS,50,0%,-100%,Desconocido,,,,,,,,,,,,,,,,,,,,
toyota estados financieros,ARS,50,∞,∞,Bajo,0,,,,,,,,,,,,,,,,,,,
trainer financiero,ARS,50,0%,0%,Alto,67,91.93,168.01,,,,,,,,,,,,,,,,,
tu asesor financiero,ARS,50,0%,0%,Medio,35,44.51,133.01,,,,,,,,,,,,,,,,,
óptima servicios financieros,ARS,50,∞,∞,Bajo,0,,,,,,,,,,,,,,,,,,,